﻿[
  {
    "title": "后台首页",
    "icon": "icon-computer",
    "href": "page/main.html",
    "spread": false
  },
  {
    "title": "文章列表",
    "icon": "icon-text",
    "href": "page/news/newsList.html",
    "spread": false
  },
  {
    "title": "友情链接",
    "icon": "icon-text",
    "href": "page/links/linksList.html",
    "spread": false
  },
  {
    "title": "404页面",
    "icon": "&#xe61c;",
    "href": "page/404.html",
    "spread": false
  },
  {
    "title": "系统基本参数",
    "icon": "&#xe631;",
    "href": "page/systemParameter/systemParameter.html",
    "spread": false
  },
  {
    "title": "博客管理",
    "icon": "&#xe61c;",
    "href": "",
    "spread": false,
    "children": [
      {
        "title": "博客列表",
        "icon": "&#xe631;",
        "href": "/admin/blogmanager",
        "spread": false
      },
      {
        "title": "博客发布",
        "icon": "&#xe631;",
        "href": "/admin/blogmanager/add",
        "spread": false
      },
      {
        "title": "栏目管理",
        "icon": "&#xe631;",
        "href": "/admin/category",
        "spread": false
      }
    ]
  }
]
